state,effective_date,company_name,line_of_business,overall_indicated_change,overall_rate_impact,written_premium_change,policyholders_affected,written_premium_for_program,maximum_percent_change,minimum_percent_change,rate_activity,serff_tracking_number,disposition_status,filing_date,source_pdf
ID,04/15/2025,State Farm Fire and Casualty Company,19.0 Personal Auto,0.000%,0.000%,0,20778,27823328,41.700%,-26.900%,rate_change,SFMA-134294867,FILED,2025-01-28,output/pdfs/ID/134294867/filing_summary.pdf
ID,04/15/2025,State Farm Mutual Automobile Insurance Company,19.0 Personal Auto,0.000%,0.000%,0,290956,238742051,24.500%,-26.900%,rate_change,SFMA-134294867,FILED,2025-01-28,output/pdfs/ID/134294867/filing_summary.pdf
ID,01/02/2026,State Farm Fire and Casualty Company,19.0 Personal Auto,15.900%,-2.100%,-554469,20679,26357498,388.400%,-41.500%,rate_change,SFMA-134676753,FILED,2025-10-09,output/pdfs/ID/134676753/filing_summary.pdf
ID,01/02/2026,State Farm Mutual Automobile Insurance Company,19.0 Personal Auto,-2.600%,-9.700%,-25716996,360274,263832752,847.900%,-52.200%,rate_change,SFMA-134676753,FILED,2025-10-09,output/pdfs/ID/134676753/filing_summary.pdf
ID,07/15/2026,State Farm Fire and Casualty Company,04.0 Homeowners,72.800%,9.900%,12805106,93081,129346241,74.100%,0.900%,rate_change_pending,SFMA-134872376,PENDING,2026-03-13,output/pdfs/ID/134872376/filing_summary.pdf
ID,04/03/2026,GEICO Marine Insurance Company,19.0 Personal Auto,-11.900%,-7.500%,-130787,1447,1741509,-0.700%,-11.500%,rate_change,GECC-134894381,FILED,2026-04-02,output/pdfs/ID/134894381/filing_summary.pdf
ID,04/03/2026,GEICO Casualty Company,19.0 Personal Auto,-12.400%,-7.500%,-617584,9434,8256468,-1.100%,-11.700%,rate_change,GECC-134894381,FILED,2026-04-02,output/pdfs/ID/134894381/filing_summary.pdf
ID,05/08/2025,GEICO Casualty Company,19.0 Personal Auto,0.000%,0.000%,0,0,0,0.000%,0.000%,rate_change_withdrawn,GECC-134601148,WITHDRAWN,2025-07-14,output/pdfs/ID/134601148/filing_summary.pdf
ID,05/08/2025,GEICO Casualty Company,19.0 Personal Auto,0.000%,0.000%,0,0,0,0.000%,0.000%,rate_change,GECC-134653021,FILED,2025-09-09,output/pdfs/ID/134653021/filing_summary.pdf
ID,01/10/2025,Progressive Direct Insurance Company,19.0 Personal Auto,2.900%,1.400%,919714,82393,65998147,13.500%,-3.500%,rate_change,PRGS-134368750,FILED,2025-01-10,output/pdfs/ID/134368750/filing_summary.pdf
ID,01/10/2025,Progressive Northern Insurance Company,19.0 Personal Auto,1.100%,-0.600%,-1083,211,187367,3.300%,-2.600%,rate_change,PRGS-134368750,FILED,2025-01-10,output/pdfs/ID/134368750/filing_summary.pdf
ID,01/10/2025,Progressive Northwestern Insurance Company,19.0 Personal Auto,1.100%,-0.600%,460749,82064,79723926,10.600%,-4.400%,rate_change,PRGS-134368750,FILED,2025-01-10,output/pdfs/ID/134368750/filing_summary.pdf
ID,03/03/2025,Allstate Fire and Casualty Insurance Company,19.0 Personal Auto,0.700%,0.700%,791260,58213,113037198,2.300%,0.000%,rate_change,ALSE-134400261,FILED,2025-01-31,output/pdfs/ID/134400261/filing_summary.pdf
ID,05/19/2025,Allstate Fire and Casualty Insurance Company,19.0 Personal Auto,0.000%,0.000%,0,0,103975400,0.000%,0.000%,rate_change,ALSE-134490732,FILED,2025-04-29,output/pdfs/ID/134490732/filing_summary.pdf
ID,06/23/2025,Allstate Fire and Casualty Insurance Company,19.0 Personal Auto,6.000%,6.000%,141982,8410,2375260,7.400%,0.000%,rate_change,ALSE-134545039,FILED,2025-05-23,output/pdfs/ID/134545039/filing_summary.pdf
ID,03/02/2026,Allstate Indemnity Company,04.0 Homeowners,13.800%,7.000%,223100,1959,3187140,117.200%,-3.800%,rate_change_withdrawn,ALSE-134817781,WITHDRAWN,2026-01-29,output/pdfs/ID/134817781/filing_summary.pdf
ID,01/12/2026,Allstate Indemnity Company,04.0 Homeowners,9.100%,9.100%,205072,2371,2253383,10.700%,2.700%,rate_change,ALSE-134737223,FILED,2025-11-12,output/pdfs/ID/134737223/filing_summary.pdf
ID,01/12/2026,Allstate Insurance Company,04.0 Homeowners,56.200%,25.000%,130466,833,521588,40.200%,4.300%,rate_change,ALSE-134724096,FILED,2025-10-31,output/pdfs/ID/134724096/filing_summary.pdf
ID,03/02/2026,Allstate Insurance Company,04.0 Homeowners,14.600%,7.000%,284293,2758,4061334,10.900%,3.600%,rate_change_withdrawn,ALSE-134813879,WITHDRAWN,2026-01-27,output/pdfs/ID/134813879/filing_summary.pdf
ID,04/14/2026,Allstate North American Insurance Company,04.0 Homeowners,0.000%,-12.100%,,,,,,rate_change,ALSE-134865728,FILED,2026-03-04,output/pdfs/ID/134865728/filing_summary.pdf
ID,07/08/2025,Allstate North American Insurance Company,19.0 Personal Auto,,1.000%,1380,158,138001,13.500%,-1.300%,rate_change,ALSE-134447963,FILED,2025-03-05,output/pdfs/ID/134447963/filing_summary.pdf
ID,09/23/2025,Allstate North American Insurance Company,19.0 Personal Auto,,-3.900%,-255942,6146,6562626,5.000%,-27.800%,rate_change,ALSE-134644319,FILED,2025-08-19,output/pdfs/ID/134644319/filing_summary.pdf
ID,05/12/2026,Allstate North American Insurance Company,19.0 Personal Auto,0.000%,-0.800%,-1674655,10432,20986911,0.000%,0.000%,rate_change,ALSE-134909157,FILED,2026-04-13,output/pdfs/ID/134909157/filing_summary.pdf
ID,03/02/2026,Allstate Property and Casualty Insurance Company,04.0 Homeowners,12.500%,7.000%,396804,3121,5668628,312.400%,-12.800%,rate_change_withdrawn,ALSE-134810468,WITHDRAWN,2026-01-22,output/pdfs/ID/134810468/filing_summary.pdf
ID,03/02/2026,Allstate Vehicle and Property Insurance Company,04.0 Homeowners,15.000%,7.000%,4607862,38731,65826601,350.000%,-59.000%,rate_change_withdrawn,ALSE-134780087,WITHDRAWN,2025-12-19,output/pdfs/ID/134780087/filing_summary.pdf
ID,09/29/2025,Allstate Insurance Company,19.0 Personal Auto,0.000%,0.000%,0,0,3212622,0.000%,0.000%,rate_change,ALSE-134645740,FILED,2025-08-20,output/pdfs/ID/134645740/filing_summary.pdf
ID,09/29/2025,Allstate Property and Casualty Insurance Company,19.0 Personal Auto,0.000%,0.000%,0,0,1835614,0.000%,0.000%,rate_change,ALSE-134645740,FILED,2025-08-20,output/pdfs/ID/134645740/filing_summary.pdf
ID,09/29/2025,Allstate Indemnity Company,19.0 Personal Auto,0.000%,0.000%,0,0,4376605,0.000%,0.000%,rate_change,ALSE-134645740,FILED,2025-08-20,output/pdfs/ID/134645740/filing_summary.pdf
ID,05/17/2025,Liberty Mutual Insurance Company,04.0 Homeowners,0.000%,0.000%,0,0,0,0.000%,0.000%,rate_change,LBPM-134488487,FILED,2025-04-10,output/pdfs/ID/134488487/filing_summary.pdf
ID,07/21/2025,Liberty Mutual Insurance Company,19.0 Personal Auto,0.000%,0.000%,0,0,0,0.000%,0.000%,rate_change,LBPM-134399434,FILED,2025-02-03,output/pdfs/ID/134399434/filing_summary.pdf
ID,07/21/2025,Liberty Mutual Personal Insurance Company,19.0 Personal Auto,1.300%,0.000%,208,2904,4824412,12.500%,-10.000%,rate_change,LBPM-134399434,FILED,2025-02-03,output/pdfs/ID/134399434/filing_summary.pdf
WA,08/01/2025,State Farm Fire and Casualty Company,04.0 Homeowners,,23.900%,3367834,17873,14091908,27.700%,5.100%,rate_change,SFMA-134422784,Approved,2025-02-26,output/pdfs/WA/134422784/filing_summary.pdf
WA,09/18/2025,GEICO General Insurance Company,19.0 Personal Auto,0.000%,0.000%,0,2090,1077172,24.800%,-17.900%,rate_change,GECC-134628136,Approved,2025-08-07,output/pdfs/WA/134628136/filing_summary.pdf
WA,09/18/2025,Government Employees Insurance Company,19.0 Personal Auto,0.000%,0.000%,0,946,493777,24.400%,-17.500%,rate_change,GECC-134628136,Approved,2025-08-07,output/pdfs/WA/134628136/filing_summary.pdf
WA,09/18/2025,GEICO Indemnity Company,19.0 Personal Auto,0.000%,0.000%,0,468,313322,22.000%,-15.200%,rate_change,GECC-134629877,Approved,2025-08-07,output/pdfs/WA/134629877/filing_summary.pdf
WA,09/18/2025,GEICO Advantage Insurance Company,19.0 Personal Auto,0.000%,0.000%,0,6838,3570611,22.700%,-18.900%,rate_change,GECC-134629950,Approved,2025-08-07,output/pdfs/WA/134629950/filing_summary.pdf
WA,09/18/2025,GEICO Choice Insurance Company,19.0 Personal Auto,0.000%,0.000%,0,1090,851643,22.200%,-19.000%,rate_change,GECC-134629950,Approved,2025-08-07,output/pdfs/WA/134629950/filing_summary.pdf
WA,09/18/2025,GEICO Secure Insurance Company,19.0 Personal Auto,0.000%,0.000%,0,220,268980,19.400%,-15.800%,rate_change,GECC-134629950,Approved,2025-08-07,output/pdfs/WA/134629950/filing_summary.pdf
WA,07/21/2025,Allstate Fire and Casualty Insurance Company,19.0 Personal Auto,0.000%,0.000%,0,0,541730713,0.000%,0.000%,rate_change,ALSE-134489276,Approved,2025-04-09,output/pdfs/WA/134489276/filing_summary.pdf
WA,11/10/2025,Allstate Indemnity Company,19.0 Personal Auto,6.900%,6.900%,1129791,3980,16373783,12.600%,0.000%,rate_change,ALSE-134538132,Approved,2025-05-19,output/pdfs/WA/134538132/filing_summary.pdf
WA,03/18/2025,Allstate North American Insurance Company,19.0 Personal Auto,0.000%,-13.700%,-109613,472,800092,13.700%,-32.200%,rate_change,ALSE-134416811,Approved,2025-02-12,output/pdfs/WA/134416811/filing_summary.pdf
WA,10/14/2025,Allstate North American Insurance Company,19.0 Personal Auto,0.000%,-2.400%,-313375,8451,13057296,0.000%,-5.000%,rate_change,ALSE-134597553,Approved,2025-07-09,output/pdfs/WA/134597553/filing_summary.pdf
WA,11/18/2025,Allstate North American Insurance Company,19.0 Personal Auto,0.000%,-3.300%,-1425594,27336,43199831,0.000%,-9.200%,rate_change,ALSE-134684477,Approved,2025-09-25,output/pdfs/WA/134684477/filing_summary.pdf
WA,07/21/2025,Allstate Property and Casualty Insurance Company,19.0 Personal Auto,0.000%,0.000%,0,0,6895556,0.000%,0.000%,rate_change,ALSE-134489925,Approved,2025-04-09,output/pdfs/WA/134489925/filing_summary.pdf
WA,01/19/2026,Allstate Vehicle and Property Insurance Company,04.0 Homeowners,11.900%,11.900%,675285,6107,5681808,15.400%,5.600%,rate_change,ALSE-134517504,Approved,2025-05-01,output/pdfs/WA/134517504/filing_summary.pdf
WA,08/04/2025,Allstate Vehicle and Property Insurance Company,04.0 Homeowners,0.000%,0.000%,0,123621,233084721,4.200%,-3.700%,rate_change,ALSE-134572006,Approved,2025-06-16,output/pdfs/WA/134572006/filing_summary.pdf
CO,04/15/2025,State Farm Fire and Casualty Company,19.0 Personal Auto,0.000%,0.000%,0,40568,96780298,23.900%,-24.800%,rate_change,SFMA-134294866,Filed,2025-01-28,output/pdfs/CO/134294866/filing_summary.pdf
CO,04/15/2025,State Farm Mutual Automobile Insurance Company,19.0 Personal Auto,0.000%,0.000%,0,1135697,1696535022,35.800%,-30.200%,rate_change,SFMA-134294866,Filed,2025-01-28,output/pdfs/CO/134294866/filing_summary.pdf
CO,07/29/2025,State Farm Fire and Casualty Company,19.0 Personal Auto,2.500%,1.002%,14474,4148,1444547,35.300%,-9.900%,rate_change,SFMA-134532992,Filed,2025-05-20,output/pdfs/CO/134532992/filing_summary.pdf
CO,07/29/2025,State Farm Mutual Automobile Insurance Company,19.0 Personal Auto,2.500%,-0.005%,-420,47994,7960381,35.300%,-13.000%,rate_change,SFMA-134532992,Filed,2025-05-20,output/pdfs/CO/134532992/filing_summary.pdf
CO,12/15/2025,State Farm Fire and Casualty Company,19.0 Personal Auto,2.500%,0.005%,84,4641,1731791,1.400%,0.000%,rate_change,SFMA-134702979,Filed,2025-10-24,output/pdfs/CO/134702979/filing_summary.pdf
CO,12/15/2025,State Farm Mutual Automobile Insurance Company,19.0 Personal Auto,2.500%,0.003%,210,48758,8319393,0.100%,0.000%,rate_change,SFMA-134702979,Filed,2025-10-24,output/pdfs/CO/134702979/filing_summary.pdf
CO,07/29/2025,State Farm Fire and Casualty Company,19.0 Personal Auto,15.700%,18.600%,77260,622,415386,75.000%,0.000%,rate_change,SFMA-134532940,Filed,2025-05-20,output/pdfs/CO/134532940/filing_summary.pdf
CO,07/29/2025,State Farm Mutual Automobile Insurance Company,19.0 Personal Auto,15.700%,13.304%,4059986,82769,30516879,70.800%,-19.400%,rate_change,SFMA-134532940,Filed,2025-05-20,output/pdfs/CO/134532940/filing_summary.pdf
CO,12/15/2025,State Farm Fire and Casualty Company,19.0 Personal Auto,15.700%,0.001%,4,714,547530,1.900%,-1.400%,rate_change,SFMA-134702973,Filed,2025-10-24,output/pdfs/CO/134702973/filing_summary.pdf
CO,12/15/2025,State Farm Mutual Automobile Insurance Company,19.0 Personal Auto,15.700%,0.000%,0,84036,35371108,0.100%,-1.400%,rate_change,SFMA-134702973,Filed,2025-10-24,output/pdfs/CO/134702973/filing_summary.pdf
CO,07/29/2025,State Farm Fire and Casualty Company,19.0 Personal Auto,13.600%,-3.050%,-2489382,35300,81620214,36.200%,-28.600%,rate_change,SFMA-134532998,Filed,2025-05-20,output/pdfs/CO/134532998/filing_summary.pdf
CO,07/29/2025,State Farm Mutual Automobile Insurance Company,19.0 Personal Auto,0.000%,-4.045%,-69278198,1152647,1712624141,24.700%,-43.600%,rate_change,SFMA-134532998,Filed,2025-05-20,output/pdfs/CO/134532998/filing_summary.pdf
CO,12/15/2025,State Farm Fire and Casualty Company,19.0 Personal Auto,9.200%,-8.959%,-5629719,29073,62836805,1.900%,-15.900%,rate_change,SFMA-134702926,Filed,2025-10-24,output/pdfs/CO/134702926/filing_summary.pdf
CO,12/15/2025,State Farm Mutual Automobile Insurance Company,19.0 Personal Auto,0.300%,-7.822%,-130056850,1174505,1662621165,1.100%,-12.200%,rate_change,SFMA-134702926,Filed,2025-10-24,output/pdfs/CO/134702926/filing_summary.pdf
CO,06/15/2025,State Farm Fire and Casualty Company,03.0 Personal Farmowners,5.400%,1.000%,116409,2114,11556815,26.800%,-25.300%,rate_change,SFMA-134505172,Filed,2025-04-24,output/pdfs/CO/134505172/filing_summary.pdf
CO,03/15/2025,State Farm Fire and Casualty Company,04.0 Homeowners,,0.000%,0,545361,1079084772,0.000%,0.000%,rate_change,SFMA-134393639,Filed,2025-02-07,output/pdfs/CO/134393639/filing_summary.pdf
CO,09/15/2025,State Farm Fire and Casualty Company,04.0 Homeowners,,0.000%,0,545361,1256594719,0.000%,0.000%,rate_change,SFMA-134604280,Filed,2025-08-12,output/pdfs/CO/134604280/filing_summary.pdf
CO,05/15/2025,State Farm Fire and Casualty Company,04.0 Homeowners,10.300%,10.000%,453710,5717,4557304,11.200%,0.000%,rate_change,SFMA-134452674,Filed,2025-03-18,output/pdfs/CO/134452674/filing_summary.pdf
CO,10/15/2025,State Farm Fire and Casualty Company,04.0 Homeowners,11.000%,9.800%,11393108,60097,116259930,38.000%,-8.300%,rate_change,SFMA-134620253,Filed,2025-07-31,output/pdfs/CO/134620253/filing_summary.pdf
CO,10/15/2025,State Farm Fire and Casualty Company,04.0 Homeowners,25.800%,12.600%,2433030,25748,19304787,14.900%,2.800%,rate_change,SFMA-134620275,Filed,2025-07-31,output/pdfs/CO/134620275/filing_summary.pdf
CO,04/02/2026,GEICO Indemnity Company,19.0 Personal Auto,0.000%,0.000%,0,2036,5840869,20.400%,-24.800%,rate_change,GECC-134855405,Filed,2026-02-26,output/pdfs/CO/134855405/filing_summary.pdf
CO,04/02/2026,GEICO Casualty Company,19.0 Personal Auto,0.000%,0.000%,0,91970,202911983,40.200%,-24.400%,rate_change,GECC-134855405,Filed,2026-02-26,output/pdfs/CO/134855405/filing_summary.pdf
CO,04/02/2026,GEICO General Insurance Company,19.0 Personal Auto,0.000%,0.000%,0,10392,23811967,32.400%,-33.500%,rate_change,GECC-134855405,Filed,2026-02-26,output/pdfs/CO/134855405/filing_summary.pdf
CO,04/02/2026,Government Employees Insurance Company,19.0 Personal Auto,0.000%,0.000%,0,3767,9904386,17.800%,-26.000%,rate_change,GECC-134855405,Filed,2026-02-26,output/pdfs/CO/134855405/filing_summary.pdf
CO,04/02/2026,GEICO Choice Insurance Company,19.0 Personal Auto,0.000%,0.000%,0,13868,33792307,42.900%,-23.500%,rate_change,GECC-134855405,Filed,2026-02-26,output/pdfs/CO/134855405/filing_summary.pdf
CO,04/02/2026,GEICO Secure Insurance Company,19.0 Personal Auto,0.000%,0.000%,0,92440,231003997,50.200%,-30.300%,rate_change,GECC-134855405,Filed,2026-02-26,output/pdfs/CO/134855405/filing_summary.pdf
CO,07/03/2025,GEICO Indemnity Company,19.0 Personal Auto,0.000%,0.000%,0,2112,6572372,7.420%,-10.170%,rate_change,GECC-134532692,Filed,2025-05-23,output/pdfs/CO/134532692/filing_summary.pdf
CO,07/03/2025,GEICO Casualty Company,19.0 Personal Auto,0.000%,0.000%,0,95787,254065149,30.380%,-23.560%,rate_change,GECC-134532692,Filed,2025-05-23,output/pdfs/CO/134532692/filing_summary.pdf
CO,07/03/2025,GEICO General Insurance Company,19.0 Personal Auto,0.000%,0.000%,0,10839,26803814,8.510%,-11.790%,rate_change,GECC-134532692,Filed,2025-05-23,output/pdfs/CO/134532692/filing_summary.pdf
CO,07/03/2025,Government Employees Insurance Company,19.0 Personal Auto,0.000%,0.000%,0,3979,10943770,7.040%,-11.790%,rate_change,GECC-134532692,Filed,2025-05-23,output/pdfs/CO/134532692/filing_summary.pdf
CO,07/03/2025,GEICO Choice Insurance Company,19.0 Personal Auto,0.000%,0.000%,0,13867,30098648,18.970%,-14.320%,rate_change,GECC-134532692,Filed,2025-05-23,output/pdfs/CO/134532692/filing_summary.pdf
CO,07/03/2025,GEICO Secure Insurance Company,19.0 Personal Auto,0.000%,0.000%,0,93994,211526381,18.970%,-14.320%,rate_change,GECC-134532692,Filed,2025-05-23,output/pdfs/CO/134532692/filing_summary.pdf
CO,01/09/2026,GEICO Indemnity Company,19.0 Personal Auto,0.000%,0.000%,0,2036,6572372,7.530%,-8.420%,rate_change,GECC-134788014,Filed,2026-01-05,output/pdfs/CO/134788014/filing_summary.pdf
CO,01/09/2026,GEICO Casualty Company,19.0 Personal Auto,0.000%,0.000%,0,91970,254065149,28.970%,-25.040%,rate_change,GECC-134788014,Filed,2026-01-05,output/pdfs/CO/134788014/filing_summary.pdf
CO,01/09/2026,GEICO General Insurance Company,19.0 Personal Auto,0.000%,0.000%,0,10392,26803814,8.500%,-11.740%,rate_change,GECC-134788014,Filed,2026-01-05,output/pdfs/CO/134788014/filing_summary.pdf
CO,01/09/2026,Government Employees Insurance Company,19.0 Personal Auto,0.000%,0.000%,0,3767,10943770,6.190%,-11.740%,rate_change,GECC-134788014,Filed,2026-01-05,output/pdfs/CO/134788014/filing_summary.pdf
CO,01/09/2026,GEICO Choice Insurance Company,19.0 Personal Auto,0.000%,0.000%,0,13868,30098648,17.990%,-13.460%,rate_change,GECC-134788014,Filed,2026-01-05,output/pdfs/CO/134788014/filing_summary.pdf
CO,01/09/2026,GEICO Secure Insurance Company,19.0 Personal Auto,0.000%,0.000%,0,92440,211526381,21.180%,-14.300%,rate_change,GECC-134788014,Filed,2026-01-05,output/pdfs/CO/134788014/filing_summary.pdf
CO,05/30/2025,Progressive Casualty Insurance Company,19.0 Personal Auto,-14.860%,-4.200%,-66805,596,1590594,10.300%,-14.930%,rate_change,PRGS-134483202,Filed,2025-05-30,output/pdfs/CO/134483202/filing_summary.pdf
CO,05/30/2025,Progressive Direct Insurance Company,19.0 Personal Auto,-7.390%,-3.000%,-22357214,345517,745240469,25.060%,-15.970%,rate_change,PRGS-134483202,Filed,2025-05-30,output/pdfs/CO/134483202/filing_summary.pdf
CO,05/30/2025,Progressive Preferred Insurance Company,19.0 Personal Auto,-14.860%,-6.100%,-18329542,117383,300484287,22.510%,-25.160%,rate_change,PRGS-134483202,Filed,2025-05-30,output/pdfs/CO/134483202/filing_summary.pdf
CO,05/30/2025,Progressive Specialty Insurance Company,19.0 Personal Auto,-14.860%,-4.400%,-28973,226,658471,8.180%,-12.990%,rate_change,PRGS-134483202,Filed,2025-05-30,output/pdfs/CO/134483202/filing_summary.pdf
CO,05/30/2025,Progressive Mountain Insurance Company,19.0 Personal Auto,-14.860%,-4.000%,-13851,218,346283,8.720%,-9.440%,rate_change,PRGS-134483202,Filed,2025-05-30,output/pdfs/CO/134483202/filing_summary.pdf
CO,10/31/2025,Progressive Casualty Insurance Company,19.0 Personal Auto,-11.640%,-7.300%,-116057,583,1589822,-2.210%,-9.680%,rate_change,PRGS-134710552,Filed,2025-10-30,output/pdfs/CO/134710552/filing_summary.pdf
CO,10/31/2025,Progressive Preferred Insurance Company,19.0 Personal Auto,-11.640%,-6.800%,-22756464,120629,334653880,-1.290%,-10.750%,rate_change,PRGS-134710552,Filed,2025-10-30,output/pdfs/CO/134710552/filing_summary.pdf
CO,10/31/2025,Progressive Specialty Insurance Company,19.0 Personal Auto,-11.640%,-7.200%,-48359,225,671657,-2.120%,-8.890%,rate_change,PRGS-134710552,Filed,2025-10-30,output/pdfs/CO/134710552/filing_summary.pdf
CO,10/31/2025,Progressive Mountain Insurance Company,19.0 Personal Auto,-11.640%,-7.300%,-35656,214,488445,-2.760%,-9.790%,rate_change,PRGS-134710552,Filed,2025-10-30,output/pdfs/CO/134710552/filing_summary.pdf
CO,10/31/2025,Progressive Direct Insurance Company,19.0 Personal Auto,-7.050%,-4.800%,-35046584,354385,730137175,4.800%,-8.560%,rate_change,PRGS-134710552,Filed,2025-10-30,output/pdfs/CO/134710552/filing_summary.pdf
CO,09/04/2025,Allstate Fire and Casualty Insurance Company,04.0 Homeowners,8.900%,8.900%,2774560,8132,31174837,9.200%,7.100%,rate_change,ALSE-134603438,Filed,2025-07-14,output/pdfs/CO/134603438/filing_summary.pdf
CO,06/16/2025,Allstate Fire and Casualty Insurance Company,19.0 Personal Auto,0.000%,0.000%,0,0,454172309,0.000%,0.000%,rate_change,ALSE-134493741,Filed,2025-04-11,output/pdfs/CO/134493741/filing_summary.pdf
CO,12/20/2025,Allstate Fire and Casualty Insurance Company,19.0 Personal Auto,1.500%,0.000%,0,143346,523575197,0.000%,0.000%,rate_change,ALSE-134681972,Filed,2025-09-23,output/pdfs/CO/134681972/filing_summary.pdf
CO,06/07/2025,Allstate Fire and Casualty Insurance Company,19.0 Personal Auto,15.800%,15.700%,722526,8983,4596808,20.000%,0.000%,rate_change,ALSE-134493023,Filed,2025-04-10,output/pdfs/CO/134493023/filing_summary.pdf
CO,01/22/2026,Allstate Indemnity Company,04.0 Homeowners,7.300%,7.300%,152460,2321,2089620,10.000%,2.000%,rate_change,ALSE-134755310,Filed,2025-12-01,output/pdfs/CO/134755310/filing_summary.pdf
CO,09/04/2025,Allstate Indemnity Company,04.0 Homeowners,6.500%,6.500%,427475,1706,6576532,6.700%,5.400%,rate_change,ALSE-134604451,Filed,2025-07-14,output/pdfs/CO/134604451/filing_summary.pdf
CO,12/20/2025,Allstate Indemnity Company,19.0 Personal Auto,-3.800%,-0.700%,-105052,3244,15007464,0.000%,-1.500%,rate_change,ALSE-134681921,Filed,2025-09-23,output/pdfs/CO/134681921/filing_summary.pdf
CO,09/04/2025,Allstate Insurance Company,04.0 Homeowners,12.000%,12.000%,2970856,7645,24757133,12.400%,7.900%,rate_change,ALSE-134604433,Filed,2025-07-14,output/pdfs/CO/134604433/filing_summary.pdf
CO,12/20/2025,Allstate Insurance Company,19.0 Personal Auto,-6.200%,-4.300%,-1382427,9583,32149469,0.000%,-14.300%,rate_change,ALSE-134679258,Filed,2025-09-23,output/pdfs/CO/134679258/filing_summary.pdf
CO,10/31/2025,Allstate North American Insurance Company,19.0 Personal Auto,,-3.700%,-845422,14339,22849234,3.400%,-25.800%,rate_change,ALSE-134660932,Filed,2025-09-04,output/pdfs/CO/134660932/filing_summary.pdf
CO,05/13/2026,Allstate North American Insurance Company,04.0 Homeowners,0.000%,0.000%,0,11414,1590113,3.000%,-1.300%,rate_change,ALSE-134752063,Filed,2025-12-09,output/pdfs/CO/134752063/filing_summary.pdf
CO,09/04/2025,Allstate Property and Casualty Insurance Company,04.0 Homeowners,2.800%,2.800%,407265,3705,14545188,2.900%,2.200%,rate_change,ALSE-134604410,Filed,2025-07-14,output/pdfs/CO/134604410/filing_summary.pdf
CO,12/20/2025,Allstate Property and Casualty Insurance Company,19.0 Personal Auto,-7.700%,-5.700%,-1101681,5292,19327737,0.000%,-12.700%,rate_change,ALSE-134679055,Filed,2025-09-23,output/pdfs/CO/134679055/filing_summary.pdf
CO,01/22/2026,Allstate Vehicle and Property Insurance Company,04.0 Homeowners,3.500%,3.500%,681134,18880,19459174,7.000%,0.500%,rate_change,ALSE-134749670,Filed,2025-11-21,output/pdfs/CO/134749670/filing_summary.pdf
CO,09/04/2025,Allstate Vehicle and Property Insurance Company,04.0 Homeowners,15.900%,15.900%,72695887,143688,457206835,30.000%,6.100%,rate_change,ALSE-134603603,Filed,2025-07-14,output/pdfs/CO/134603603/filing_summary.pdf
CO,09/29/2025,Allstate Insurance Company,19.0 Personal Auto,0.000%,0.000%,0,0,31819480,0.000%,0.000%,rate_change,ALSE-134629407,Filed,2025-08-05,output/pdfs/CO/134629407/filing_summary.pdf
CO,09/29/2025,Allstate Property and Casualty Insurance Company,19.0 Personal Auto,0.000%,0.000%,0,0,19152153,0.000%,0.000%,rate_change,ALSE-134629407,Filed,2025-08-05,output/pdfs/CO/134629407/filing_summary.pdf
CO,09/29/2025,Allstate Indemnity Company,19.0 Personal Auto,0.000%,0.000%,0,0,13832315,0.000%,0.000%,rate_change,ALSE-134629407,Filed,2025-08-05,output/pdfs/CO/134629407/filing_summary.pdf
CO,05/17/2025,The Travelers Home and Marine Insurance Company,04.0 Homeowners,28.800%,13.200%,5955691,15472,45118871,24.300%,-2.900%,rate_change,TRVD-G134450451,Filed,2025-03-10,output/pdfs/CO/134451532/filing_summary.pdf
CO,05/17/2025,Travelers Commercial Insurance Company,04.0 Homeowners,28.800%,14.500%,244055,584,1683140,23.700%,-2.500%,rate_change,TRVD-G134450451,Filed,2025-03-10,output/pdfs/CO/134451532/filing_summary.pdf
CO,03/14/2025,Travelers Personal Insurance Company,04.0 Homeowners,20.700%,9.900%,29899633,105836,302016491,21.400%,-14.800%,rate_change,TRVD-G134420284,Filed,2025-02-27,output/pdfs/CO/134438849/filing_summary.pdf
CO,11/16/2025,Travelers Personal Insurance Company,04.0 Homeowners,,0.000%,0,100997,334013501,0.000%,0.000%,rate_change,TRVD-G134688466,Filed,2025-10-08,output/pdfs/CO/134700105/filing_summary.pdf
CO,03/20/2026,Liberty Mutual Fire Insurance Company,04.0 Homeowners,15.400%,3.390%,131586,515,3885888,8.130%,2.760%,rate_change,LBPM-134814588,Filed,2026-01-27,output/pdfs/CO/134814588/filing_summary.pdf
CO,02/13/2026,Liberty Mutual Insurance Company,04.0 Homeowners,15.400%,3.030%,15791,121,520683,3.200%,2.800%,rate_change,LBPM-134814553,Filed,2026-01-27,output/pdfs/CO/134814553/filing_summary.pdf
CO,02/13/2026,Peerless Indemnity Insurance Company,04.0 Homeowners,15.400%,3.040%,846342,8442,27858972,3.300%,2.400%,rate_change,LBPM-134814553,Filed,2026-01-27,output/pdfs/CO/134814553/filing_summary.pdf
CO,05/17/2025,Liberty Mutual Insurance Company,04.0 Homeowners,0.000%,0.000%,0,98,186641,0.000%,0.000%,rate_change,LBPM-134488149,Filed,2025-04-08,output/pdfs/CO/134488149/filing_summary.pdf
CO,05/17/2025,Peerless Indemnity Insurance Company,04.0 Homeowners,0.000%,0.000%,0,6706,10503181,0.000%,0.000%,rate_change,LBPM-134488149,Filed,2025-04-08,output/pdfs/CO/134488149/filing_summary.pdf
CO,02/13/2026,Liberty Insurance Corporation,04.0 Homeowners,15.400%,8.000%,318742,4146,3983816,8.100%,4.400%,rate_change,LBPM-134814602,Filed,2026-01-27,output/pdfs/CO/134814602/filing_summary.pdf
CO,02/13/2026,LM Insurance Corporation,04.0 Homeowners,15.400%,3.280%,142004,747,4327846,8.100%,2.800%,rate_change,LBPM-134814602,Filed,2026-01-27,output/pdfs/CO/134814602/filing_summary.pdf
CO,02/13/2026,Liberty Mutual Personal Insurance Company,04.0 Homeowners,15.400%,3.010%,2486348,16429,82681536,3.340%,2.100%,rate_change,LBPM-134814602,Filed,2026-01-27,output/pdfs/CO/134814602/filing_summary.pdf
CO,05/30/2025,Liberty Mutual Insurance Company,19.0 Personal Auto,-2.200%,0.000%,37,43,89547,4.800%,-2.300%,rate_change,LBPM-134551958,Filed,2025-05-29,output/pdfs/CO/134551958/filing_summary.pdf
CO,05/30/2025,Liberty Mutual Personal Insurance Company,19.0 Personal Auto,-2.200%,-2.000%,-2070653,30706,103250423,7.200%,-8.500%,rate_change,LBPM-134551958,Filed,2025-05-29,output/pdfs/CO/134551958/filing_summary.pdf
